CustomerID,Name,Email,Phone,City
1,Brett Shannon,wmiller@gmail.com,331.871.2558x874,New Robertmouth
2,Mr. Dave Gonzalez PhD,heather99@yahoo.com,227.502.9311,Gregtown
3,Adam Mccormick,markwise@hotmail.com,+1-400-825-5791,Brownberg
4,Kenneth Bray,daviddillon@smith-hicks.info,813.957.9056x4718,Perezfort
5,Regina Richards,apatterson@taylor.com,3764327818,Leslieburgh
6,Patrick Gilbert,cruzerin@baker-moore.org,457.997.2061,South Andrew
7,Anthony Fisher,cassiebecker@yahoo.com,+1-148-947-6267,East Gloriaville
8,Tommy Ritter,mcastillo@brown.com,(886)980-0077x227,Lake Cassandra
9,Michael Kelley,jessica42@castillo.info,373.951.2744,Gabriellefort
10,Jennifer Edwards,garciasarah@mcmillan.net,644-140-4284x06457,Dustinborough
11,Nancy Ayers,hallison@rush.com,275.442.6234x613,Payneburgh
12,James Key,fosterpatrick@simpson-turner.com,1405850197,East Joshuaville
13,William Jennings,michellecantu@yahoo.com,745-689-2639x4381,Stoneburgh
14,Denise Shepard,spowers@gibson.info,390.052.6417x280,Jacobtown
15,Casey Fox PhD,taragarrison@yahoo.com,+1-021-165-7217x5147,Lake Mark
16,Matthew Fisher,christopher35@hotmail.com,5173475886,North Natalie
17,Michael Craig,michael22@hotmail.com,422.517.0816x0605,North Thomasborough
18,Briana Thompson,nicolemartinez@gmail.com,798-272-1843,Davidshire
19,Megan Coleman,mbright@gmail.com,(347)895-5962,Simsstad
20,Jennifer Nash,johnbutler@hotmail.com,+1-963-169-6076x826,North Amanda
21,Amber Williams,jonathonburns@pineda-martinez.biz,901-305-2241x61404,East Elizabethbury
22,Randall Hancock,ubrown@hotmail.com,326-781-8971x25801,Stevenchester
23,Catherine Mcdonald,kristinarosales@gmail.com,+1-335-714-8003,Hannahside
24,Joseph Graves,zacharywong@gmail.com,+1-885-057-2434x85103,East Jeffreymouth
25,Christine Cox,xthomas@yahoo.com,690-006-7167x059,Marieborough
26,Harry Green,jessicajarvis@yahoo.com,001-985-116-9226x38614,Gouldton
27,Margaret Torres,brandongonzalez@thomas-graves.com,+1-389-594-2943,Mitchellshire
28,Steven Stafford,rfox@salazar.com,133.132.7847,Fritzfurt
29,Kristi Anderson,gbrown@cox.info,9774617885,North Chad
30,Robert Yoder,xreilly@wells-spence.org,981-523-2717,Craigfurt
31,Margaret Brown,ggordon@yahoo.com,0193474070,Michaelchester
32,Craig Guzman,greenlisa@hotmail.com,(588)360-7757x13742,Frankview
33,Brian Taylor,lisa76@gmail.com,001-059-747-7219x241,Davisview
34,John Spence,ericjensen@gmail.com,+1-003-590-3413x90569,Wilsontown
35,Steven Davis,briannageorge@yahoo.com,+1-680-438-4953x13670,New Miguel
36,William Evans,andersoncarrie@yahoo.com,(065)284-2362x385,East Cynthiastad
37,Shawna Young,kcook@pennington-lloyd.com,+1-912-665-3870x326,Stewartland
38,Leslie Lee,debra38@ritter-young.biz,8791957066,Melanieberg
39,Donald Hughes,hoffmanmichelle@hall.com,624.682.3894x27414,Georgeport
40,Jeffrey Johnson,bushstephanie@yahoo.com,894.521.4962,East Josephhaven
41,Chelsey Lopez,sfitzgerald@rojas-cooper.com,001-757-056-9452x808,Ericborough
42,Shelby Acosta,egordon@yahoo.com,+1-069-594-5162x11487,Turnershire
43,Kenneth Lopez,wallsjared@hotmail.com,+1-044-596-2843,Guzmanville
44,Brian Chung,lisabrown@duncan.net,(503)539-0527x2965,New Williamland
45,Daniel Merritt,stewarterin@hotmail.com,(541)043-5842x417,Nancystad
46,Elizabeth Frye,harias@yahoo.com,871.273.9667,Sandersberg
47,Raymond Taylor,jbishop@yahoo.com,811-112-0587x75812,South Anna
48,Christopher Maldonado,amber36@hotmail.com,482-563-0766,Tanyabury
49,Stephen Ramirez,mford@oneal.org,(218)798-2072x63275,Brianmouth
50,Johnathan Edwards,ikelly@gmail.com,+1-237-128-6172,New Rachel
51,Reginald George,pgillespie@hotmail.com,(957)340-7072,Douglasshire
52,Jenna Edwards,donnaruiz@brown.com,+1-651-585-1879x67569,Troyton
53,Amber Meyer,kathygutierrez@yahoo.com,(470)281-8090x55387,Rodriguezberg
54,Melanie Kelley,darlene22@riley.com,+1-754-357-1020,North Heatherville
55,Brandon Perry,annadodson@gomez.com,+1-812-281-6211x1714,West Donald
56,Kimberly Dixon,gbyrd@white.org,908.081.9275x890,Jamesside
57,Haley Cohen,david36@johnson-anderson.com,+1-248-018-0330x46513,Gentryport
58,Crystal Martinez PhD,kglover@evans.com,+1-558-847-9253,Michaelchester
59,Lisa Doyle,grogers@soto.biz,572-401-1511x35961,Port Michaelborough
60,Meagan Willis,samantha06@gmail.com,(714)015-7372x08464,Kyliehaven
61,Thomas Kelly,andersonrandy@yahoo.com,(859)277-0309,Andersonchester
62,Sandra Houston,pricealan@yahoo.com,951-344-8221,Mitchellborough
63,Jeffrey Alvarez,shaffergregory@yahoo.com,776.634.1095,Lucashaven
64,Tracy Carter,vincentholder@gmail.com,001-044-661-9596x6759,New Rebecca
65,Joshua Duffy,michelle45@miller.com,(042)742-7666x8774,Jameston
66,Lucas Frank,christopher69@gmail.com,863.180.6486x01898,East Kristenmouth
67,Shannon Miller,daviskelli@turner-wu.info,891.761.3446,East Jessicatown
68,Preston Marsh,robertthompson@gonzales.com,711.542.9817,New Jeffreyshire
69,Briana Hale,webstertaylor@yahoo.com,(452)794-7519,Jamesmouth
70,Michael Smith,melissa96@phillips.info,+1-957-781-5160x27662,West Kellifort
71,Glenn Smith,nguyendanielle@lee.org,286-928-7309x322,Alyssamouth
72,Cindy Mcgee,sford@hernandez.biz,(945)366-0798x5013,Phillipsburgh
73,Jonathan Stone,stephenmyers@hotmail.com,7164189690,Tracyborough
74,Phillip Weaver,webertina@yahoo.com,496.228.2368,North Andreaville
75,Leroy Wyatt,zfisher@gmail.com,(364)955-3825x794,Port Karenberg
76,Justin Parker,simmonsmary@pitts.com,794.938.0397,Lisashire
77,Brianna Gonzalez,courtneybuckley@hotmail.com,+1-225-256-5441,Hernandezland
78,Carrie Meyer,jeffrey86@yahoo.com,668.664.1240x29217,West Tashachester
79,Laura Rojas,raven16@yahoo.com,+1-273-687-4106x571,East Donaldbury
80,Kathleen Smith,greenlisa@collins.com,+1-760-224-1103x199,Mooreton
81,Elizabeth Ellis,taylorveronica@hotmail.com,(981)277-9442x47064,South Michael
82,Richard Moore,josephmartinez@stevens-cooley.net,001-461-361-5684x17038,New Jeanetteburgh
83,Angela Gentry,hcummings@hotmail.com,(016)046-0063x76638,Alisonberg
84,Elizabeth Bradford,awiley@gmail.com,555-995-1631x341,Nashchester
85,George Smith,nicoleruiz@atkinson.com,987.510.6833,Christophermouth
86,Mark Hunter,ryanwhite@diaz-walker.info,102.345.4066x142,Victoriaborough
87,Joshua Bush,cory42@yahoo.com,(560)824-5331x3186,Watersburgh
88,Robert Moore,zmartinez@villegas-massey.org,+1-108-414-7266x176,East Pamela
89,Tammie Johnston,taylor72@hotmail.com,(254)001-9939x1703,Jacksonborough
90,Lorraine Johnson,maureenrodriguez@thompson-crosby.com,001-710-918-2433x0556,New Shawn
91,Joshua Lyons,wlawson@washington-robinson.info,(186)357-6025x1980,Mikeport
92,Matthew Rhodes DDS,wholmes@berger.net,999-702-0319,Adrianhaven
93,David Evans,tiffany42@garcia.info,860-225-7851x5613,New Jerryburgh
94,Billy Wood,qrogers@washington.com,703-262-9111x307,Adkinschester
95,Brian Ponce,brittanymccarthy@manning.net,(412)187-3531x19355,Hortonborough
96,Daniel Adams,qmendez@arnold.info,762.020.1090x606,Myersport
97,Thomas Hart,denisewhite@yahoo.com,(561)959-3184x9545,Andradeport
98,Kenneth Crawford,stonebrandon@gibbs-duran.com,(359)017-5840,Keyberg
99,Susan Wilson,williamssabrina@villa-bailey.biz,001-005-267-8030,North Richard
100,Marissa Mendoza,medinaedward@gmail.com,(149)926-8179x7304,South Patriciaberg
101,Theresa Davidson,josephpoole@hotmail.com,(117)486-1586x4017,Wellschester
102,Walter Chung,fsteele@zuniga.com,588.712.0370,West Lisaland
103,Leah Franklin,carriemills@gmail.com,(930)959-1667x223,Port Nancyland
104,John Owens,amberfranklin@hotmail.com,260-186-5702,Gibsonbury
105,Gregory Hall,steven31@anderson-cameron.com,(309)013-7916x33300,Greerview
106,Matthew Baker,umerritt@delacruz.net,(430)125-7905x18694,Stevenville
107,Karen Hinton,deborahsmith@perkins.com,(792)183-6764,New Robert
108,Thomas Hernandez,wagnerbrianna@green.com,+1-426-901-9158x15962,South Timothy
109,Sandra Palmer,tiffanywilkinson@gmail.com,5263681882,Myersmouth
110,Paul Mitchell,pvalencia@norman.com,530-181-8721x09547,Pruittmouth
111,Laura Baker,iescobar@anderson.net,9583587967,Floresmouth
112,Thomas Salazar,dudleyjeremy@hunt.info,544.160.5396,Shannonton
113,John Cline,jennifer10@yahoo.com,001-112-170-4398,North Nicolemouth
114,Lisa Reynolds,blevinsmelinda@carey.info,889.084.3166,East Alisonton
115,Carolyn Nguyen,annachapman@hotmail.com,365.713.7654x51460,Nicoleshire
116,Stephanie Ball,peggyjackson@gmail.com,001-718-154-3975x6759,Odonnellshire
117,Michael George,rickyvaldez@nolan-warren.info,+1-129-369-4712x534,West William
118,Bianca Nash,larrycampbell@simmons.com,110-910-4623,West Michaelstad
119,James Rodriguez,mtorres@gmail.com,+1-433-260-9051x864,New Michealshire
120,Tina Brown,stevenmason@yahoo.com,287.031.6384,South Taylor
121,Kaitlyn Parker,perezjason@hotmail.com,092-815-3122x9650,Smithberg
122,Samantha Perez,howard97@briggs.net,138.839.3254x16481,Sanchezstad
123,Jeremy Caldwell,jamesdavidson@woods-fitzgerald.com,+1-798-312-0584x026,West Angelamouth
124,Robert Newton,dmccann@hooper.net,+1-403-867-0642x506,Whitefort
125,Emily Taylor,william41@gmail.com,021-570-9249x4260,New Kevin
126,Gerald French,tonya38@gomez-thompson.info,591-678-9639x18585,East James
127,Amber Barnes,mlucas@cochran.biz,936.528.8332x948,Colinton
128,Victoria Anthony,reyesbeth@hotmail.com,985.457.2232x7059,East Charles
129,Marco Barrera,elliottlisa@smith-cook.com,(358)555-9311,South Jeremychester
130,Barbara Brown,teresapatterson@gonzalez.com,(659)329-8007x91982,Sarahshire
131,Mr. Zachary Chung,christine87@hotmail.com,001-175-848-5365x0374,South Ryan
132,Savannah Santos,robert03@nguyen-ortiz.com,+1-012-863-7271,West Jonathan
133,Andrew Lee,jose70@white-bradley.com,2456416228,Mollymouth
134,Rachel Blake,santoskurt@martinez-warren.biz,447.837.6615x85264,Lake Pattyborough
135,Sabrina Clark,dawnmartinez@parker.com,+1-377-066-3150x190,Eatonfurt
136,Lindsey Cox,christopher26@schneider.net,688-088-8053,Lake Aaronmouth
137,Andrew Sheppard,hancockjasmine@hotmail.com,712-638-1477,West Sara
138,Luis Dominguez,heather97@hotmail.com,+1-921-384-0370x6230,Lake Christopherborough
139,Richard Parks,lfox@gmail.com,(115)097-5335,Singletonmouth
140,Tina Murphy,edwardwarren@cook-scott.com,001-775-211-9745x186,Joyceberg
141,Ricardo Davidson,ssavage@gray.com,(423)758-5898x9379,East Catherine
142,Edgar Watson,dianabond@ho.com,4989847857,West Jennifer
143,George Greene,clarkjustin@allen.com,001-179-155-6651x72830,New Kelly
144,Kimberly Foster,knightkara@taylor-maddox.com,001-422-216-0543x6580,Fowlertown
145,Mrs. Yesenia Williamson,laurenallen@smith.com,006.399.0647x939,Patriciafort
146,Robert Hall,hillfrank@harris.com,+1-924-254-5019x06208,Lake Melissaburgh
147,David Hamilton,ihaas@gmail.com,001-393-555-8229x43154,South Brianton
148,Reginald Davies,orogers@hotmail.com,+1-700-926-5572x1298,West Mistyshire
149,Jennifer Ramirez,andrewsvictoria@riley.org,908.270.2528x8415,South Michael
150,Lisa Gibson,bsantos@hotmail.com,(702)039-9636x88116,Kathleenside
151,Patrick Kim,matthew29@yahoo.com,001-604-145-7661x5739,West Karenfort
152,Timothy Baker,tracy34@king.com,(547)214-7327x5541,West Jacqueline
153,Courtney Kerr,idixon@davis.com,(884)630-2126x5117,West Jacobbury
154,Jasmine Luna,kevin47@gmail.com,001-640-922-4985,Carlsonstad
155,Erika Miller,youngbrandon@hotmail.com,+1-670-923-8914x7125,Lake Daniel
156,Ariana Mckay,rachel70@evans.com,885-670-9553x3652,Rasmussenmouth
157,Brian Baker,vhart@yahoo.com,+1-143-478-5260,Jacksonberg
158,April Mcbride,pgoodman@hotmail.com,535-224-0236x6785,New Christina
159,Julia Lane,blevinsdawn@gmail.com,(730)858-9798x65470,New Kelly
160,Vanessa Robertson,jeffery58@luna.info,809-071-0430x9708,New Erin
161,Joseph Erickson,jwoodard@gmail.com,353-424-6906x53914,Quinnton
162,John Herrera,cortezthomas@gmail.com,001-547-499-9338x3513,New Michelle
163,Anthony Gutierrez,cwilliamson@perez-rowland.com,100.086.3198,Port Tylerton
164,Ann Copeland,jennifermartinez@bradley.com,8944148403,Lauraburgh
165,Lindsey Haynes,sheila18@yahoo.com,+1-272-415-2892x8317,West Monica
166,Megan Diaz,cynthia14@gmail.com,074-298-5326x990,North Teresa
167,Heather Haney,jwalker@erickson.biz,5682213143,Lake Eugenemouth
168,Jessica Clay,kristen87@proctor.org,6691905429,East Jasonfort
169,Christine Huang,joanbowman@hotmail.com,486.421.4624,Watsonmouth
170,Jacqueline Ramirez,joseph54@yahoo.com,+1-875-815-3272x059,North David
171,Susan Strong,schmidtchristine@yahoo.com,(560)456-4108,Lake Michaelville
172,Alex Moreno,martinvickie@johnson-brown.info,001-304-523-6056x788,Kristinfort
173,Robert Callahan,bphillips@young.info,238-067-9054x24811,Lake Gregory
174,Daniel Mills,barbara97@hotmail.com,001-634-975-3175x48360,West Heatherview
175,Brian Smith,rebecca22@gmail.com,(614)941-8015x681,Watkinsport
176,Robin Edwards,ccarter@gmail.com,+1-400-648-2812x1396,West Mitchellside
177,Angel Miller,ljones@hotmail.com,+1-562-954-4127,North Glen
178,William Warren,ufields@nixon-camacho.com,5244843630,Valerieton
179,Andrea Fleming,ghouse@murphy.com,3469208122,Whiteview
180,Ashley Luna,gilesmartha@key-zimmerman.info,001-648-563-9000x15839,South Alexander
181,Yvonne French,emily47@parks-norris.com,+1-523-969-9610x253,New Jennifer
182,Donna Nelson,juancampbell@yahoo.com,571.068.2701x855,West Brendaberg
183,Mark Cook,thompsonlaura@young.com,984-380-3910x3863,Lake Josephfort
184,Adam Crane,thomas85@gmail.com,949.793.4123,Petersonton
185,Megan Gomez,jonathanclark@yahoo.com,001-534-674-5010x495,North Melanie
186,Anthony Jackson,ryangonzalez@hotmail.com,001-012-664-9775x814,Lake Christopher
187,Kiara Cole,kellyphillips@armstrong.net,693-553-3626,New Hayley
188,Kenneth Burke,lindachan@edwards.com,+1-990-448-8003x2327,Walkershire
189,Amanda Bailey,qtrujillo@gmail.com,524-462-0229,Burgessview
190,Brian Macias,tsoto@jones-williams.com,983-283-6338,Powellside
191,Heather Carpenter,timothysoto@tran.com,(430)199-0388x666,Brendatown
192,Fernando Mcdonald,alimichael@watkins.org,+1-293-489-7139x7212,Hubbardshire
193,Sharon Parks,carlsonsandra@reyes.com,001-702-854-5186,Molinaville
194,Paula Huff,ialexander@gmail.com,001-382-834-6618x96385,Cranebury
195,Monique Goodwin,sharon19@yahoo.com,(037)602-3973x580,Courtneymouth
196,Kenneth Jackson,vgray@hotmail.com,(245)197-6067x5292,Beanbury
197,Zachary Ortega,kelly29@gmail.com,(946)630-0335,Kathleenland
198,Todd Ramos,shari77@hotmail.com,258.402.2720x68724,North Sherryland
199,Tiffany Hill,matthewscott@jackson.net,994.950.2629x2688,Lake Daniel
200,Shawn May,navarrosherry@yahoo.com,410.980.2131,Port Vincentshire
201,Logan Ramsey,amymueller@richard-mitchell.biz,(985)697-8833,Mcguirebury
202,Paul Harrington,jason03@church.net,(851)627-8117,North Curtisview
203,Megan Castaneda,mneal@gmail.com,(749)809-9319x059,Williamview
204,Lori Harmon,holly41@stanton-medina.net,001-468-477-3401x369,Sanchezshire
205,Dana Miller,rachel48@yahoo.com,061-959-1286x2822,Valdezview
206,Samantha Sims,daniel26@yahoo.com,(275)156-5820x871,Port Laura
207,Pamela Cortez,xmclaughlin@smith.org,421-795-4003,Port Michaelview
208,Holly Price,tiffany14@gmail.com,945.063.6897x996,Robertsbury
209,David Mills,wrightsusan@gmail.com,578-772-9593,Port Michaelfurt
210,Timothy Kirby,cunninghamrachael@hotmail.com,324.561.7639x015,New Melissaton
211,James Hall,lauriestevens@gmail.com,+1-943-570-9704x9329,East Michael
212,Dr. Brad Nelson,maynardheidi@simmons.com,001-918-332-2120x70853,Port Johnathan
213,Rodney Williams,tom78@byrd.com,902-710-9069x49784,Sergiofort
214,David Cook,sandovalbarbara@chapman.info,206.414.6405,East Sarah
215,Pamela Holden,jenniferharris@gmail.com,+1-470-343-2374x0659,New Scott
216,Nicholas Green,barbarajames@gmail.com,001-509-761-2800x15578,New Jennabury
217,Bryan Lutz,xharris@hotmail.com,+1-441-462-7918x5204,West Dennisbury
218,Steven Golden,eramirez@alvarado.com,+1-801-580-6333x70374,New Johnny
219,Anthony Powell,patrickdiaz@gmail.com,001-584-539-3516x8500,South Mallorybury
220,Darren Briggs,whartman@yahoo.com,474-022-8980,New Melissatown
221,Clayton Kim,russell93@tran.com,001-715-002-9965,Victoriamouth
222,Diane Arias,jefferycox@gmail.com,(794)642-5170,New Susan
223,John Fernandez,gutierrezalicia@yahoo.com,(888)714-1196x2548,Garciafort
224,Garrett Allen,curtisanne@yahoo.com,001-384-215-8243x372,North Lisa
225,Angela Davis,christine31@taylor.org,127.253.5644x845,Ryanfurt
226,Dr. Gregory Davis,martinezjoseph@cunningham.net,824.182.2563,Lake Michaelfurt
227,Karen Martinez,williamgreen@fitzgerald-harvey.com,(309)635-6648,Huffmanborough
228,Carlos Gardner,icabrera@jordan.com,0625391743,South Codyfurt
229,Kimberly Kennedy,christophergeorge@griffith.com,001-501-969-1951x7805,Paynemouth
230,Gregory Adams,hcook@king.com,351-525-2494,East Travisfort
231,Travis Myers,kathryn35@green.info,+1-241-762-8705,Perkinsside
232,Kayla Miller,sharonharper@robertson.net,181.122.7702x65104,New Melindaburgh
233,Jesse Sanchez,bolson@gmail.com,686-772-8153x39549,North Melissa
234,Michael Anderson,christopher20@prince.com,001-005-127-8149,Mclaughlinberg
235,Victoria Fischer,vwade@yahoo.com,001-238-191-7250x2377,Lake Valerieberg
236,Kristen Jackson,maria77@hotmail.com,+1-889-234-2379x12983,Lake Valeriechester
237,Robert Taylor,garciajason@yahoo.com,001-659-706-9299,Hernandezton
238,Priscilla Cooper,edwardsmichael@jackson.com,749.801.9172x15931,South Toni
239,Patrick Allen,ywilliams@harrison.biz,+1-375-463-0165x46704,Christophershire
240,Kelly Gordon,joneschristina@hotmail.com,114-427-5996,Willieton
241,Louis Sullivan,andersonannette@moore.com,006.286.2677x0362,Kristentown
242,Wesley Flores,lzimmerman@yahoo.com,503-328-4175x937,Christineberg
243,Linda Brown,blee@gmail.com,001-522-035-6105x271,Marcusport
244,John Anthony,mharvey@yahoo.com,(979)760-5913,Lake Zacharyton
245,Jasmine Watson,elizabeth53@yahoo.com,807.494.7730x019,West Jeremyside
246,Thomas Johnson,esawyer@yahoo.com,533-072-0196,Elizabethborough
247,Matthew Love,hillthomas@yahoo.com,423.012.6117x4878,Ortegaberg
248,Samuel Murphy,telliott@schultz-duncan.com,541-007-5724x2777,Maldonadoburgh
249,Kara Harris,lopezmary@hotmail.com,+1-321-672-2483x493,Christopherburgh
250,Christopher Reyes,jonwoodward@hotmail.com,957.770.9635x0432,Jenniferberg
251,Bryan Alvarez,taylordana@camacho-riley.com,0809328226,East Nicole
252,Joseph Silva,andrew04@gmail.com,250.760.1963x0066,Sarachester
253,Thomas Smith,fvasquez@molina-martin.org,065.171.4883x3457,North Karen
254,Mark Carey,scook@stanley-powers.com,001-536-806-4850x507,West Megan
255,Jonathon Pittman,jesusscott@meyers.net,(172)751-1163x816,Mcintyreshire
256,Dave Hall,davidarnold@lyons-young.biz,870-177-8500,New Christina
257,Melissa Ritter,calvincaldwell@gmail.com,657-931-8879,Matthewmouth
258,Gloria Baker,jeffrey92@gmail.com,628-909-3688,Robertaside
259,Lisa Harrell,bryce39@gmail.com,001-228-362-5818x7088,New Kaylaberg
260,Judith Lee,samantha88@yahoo.com,+1-164-344-4970,Joshuashire
261,Alejandro May,robersonjoe@gmail.com,033-009-4125x69721,West Cynthiashire
262,Christine Clark,rwarren@yahoo.com,+1-588-856-0982x98044,Port Patricialand
263,Jacob Williams,taylorronald@russell.net,(464)318-5075x06568,Natalieborough
264,Janet Ortega,jeremygibson@yahoo.com,(610)016-9406,Brianmouth
265,James Pitts,buchananvanessa@frank-ramirez.com,+1-587-222-1165x55020,North Kim
266,Kendra Fleming,kristine79@gmail.com,(418)964-6477,East Tina
267,Julie Collier,walterlowery@pollard.com,(987)899-5313x063,Lake Carrie
268,Rebecca Griffin,thomas77@hotmail.com,482-790-6061x0524,Port Lisa
269,Michael Vasquez,cunninghamvicki@goodwin.com,001-852-904-5925x964,Miguelberg
270,Mr. Jeffrey Holland MD,johnwilson@gmail.com,720-751-7416x44098,Port Madison
271,Amanda Thomas,tpierce@howard.org,088.418.5567x8739,Meyermouth
272,Dr. Luis Costa MD,djordan@gmail.com,932-845-6623x1140,Lindseyville
273,Janice Townsend,ccarter@yahoo.com,001-458-451-8977x59085,West Matthew
274,Tina Bolton,kimberlyherring@duran.com,3277230477,Cassandratown
275,Alyssa Chavez,hjohnson@gmail.com,962-644-2670x610,Port Caleb
276,Robert Davis,laurenrobinson@osborne-marquez.com,1635330905,Grayport
277,Ryan Spencer,christine64@lewis.com,001-574-105-6134x891,Port Annaville
278,Emily Carr,alex59@gmail.com,001-725-591-5535x92384,Youngfort
279,Jessica Mendez,jhernandez@gmail.com,041-275-8714,Lake Danielbury
280,Robert Gomez,qbrooks@hotmail.com,074-988-1844x96666,Davisport
281,Tracy Smith,dbautista@avery.info,082.194.2148,East Angela
282,Mary Smith,hernandezkatie@yahoo.com,(756)968-5968x942,Tonybury
283,Kim Murray,zacharythompson@yahoo.com,238.809.4162,Diazburgh
284,Sherry Gray,fschmidt@hotmail.com,(197)008-6748x9089,Barberside
285,Lisa Sloan,lowemelissa@gmail.com,954.242.1034x85739,Lake Bruce
286,Jasmine Kaufman,laurenacevedo@hotmail.com,+1-687-544-7994,Austinborough
287,Valerie Wolfe,wharrington@miller.biz,(504)811-3459x81950,Dustinbury
288,Brian Manning,evan13@chang.net,384-353-8018x316,South Dawnside
289,Henry Nguyen,thomas74@lane.org,(819)601-3237x439,Bowersport
290,Kelsey Burnett,gordonsteven@anderson.biz,(398)752-5724,Lake Matthew
291,Debbie Edwards,andersonlinda@whitney-gray.com,320-746-4357,Port Jessica
292,Brandon Martinez,nwilliams@lambert.info,578-285-5766,East Mallory
293,Valerie Turner,alexanderpittman@fischer.com,(544)273-0610,Powersfort
294,James Logan,esparzanicole@lyons.com,001-820-296-9496x269,Richardhaven
295,Thomas Lopez,kevinlee@day-hamilton.com,440.093.9415x939,Kelseytown
296,John George,qwhite@small.net,639-583-9051x5752,East Tiffanyfort
297,Kevin Morales,otorres@gmail.com,7460076074,Jamesmouth
298,Larry Berger,nelsonmartha@hotmail.com,791.329.8284x2499,Carolside
299,Douglas Callahan,timothyburgess@gmail.com,924-653-4462,Kevinfort
300,Joseph Davidson,elliottsarah@hardin-castillo.com,346-090-8200x693,Jackberg
301,Andrew Curtis,moorestephanie@wheeler.org,+1-035-076-1915,North Christine
302,Michael Dalton,gwilkinson@wyatt.com,137-661-2908,East Heather
303,Michael Ellis,olsonadam@clark.com,962.200.3791x544,West Annville
304,Darren Contreras,derrick11@graham.biz,+1-460-006-1346,West Davidland
305,Richard Torres,gmaynard@mccormick-holland.com,036.674.8138,Rodneyton
306,Cassandra Ayers,shannon17@gmail.com,659.536.2829x211,Robertmouth
307,Rachael Johnson,hmartinez@gmail.com,001-828-234-5482x7041,West Kevintown
308,Linda Brewer,coleallen@smith-espinoza.com,001-465-155-7292x29785,East Kathrynmouth
309,Robert Christensen,calvarez@hotmail.com,001-240-573-2136x70205,Clarkfort
310,Robert Anderson,williamcampbell@gallagher.com,001-897-428-3427,South Georgefurt
311,Kimberly Larson,jonesadrienne@yahoo.com,998-477-4227x672,Morganville
312,Frederick Huffman,lauramartin@chapman.info,5345805272,North Johnchester
313,Adrian Morales,gonzalesshelly@jones.net,001-783-561-3228x06801,Stewartchester
314,Lisa Davis,tjones@yahoo.com,(487)238-6124,Sandraland
315,Gary Marquez,sandovalsheila@gmail.com,+1-002-607-1527,Port Christineborough
316,Brian Perez,ywilliams@hotmail.com,800.969.3830,Marissaton
317,Mary Morrison MD,hernandezjose@crawford.com,+1-249-124-3432x1962,North Matthewstad
318,Brittany Weber,jasminesmith@leonard.com,(755)832-0839x658,Karenland
319,Marie Strickland,welchjennifer@gmail.com,816.544.9946x475,Johnsonland
320,Michele Glover,troyburgess@nichols-murphy.com,+1-588-710-4124x522,Johnsonborough
321,Erik Soto,joshuavelasquez@hotmail.com,392-881-9993,Johnfurt
322,Joseph Ball,vsanchez@fleming.com,451-831-7940x40166,Ryanside
323,Michelle Thompson,xdavidson@gmail.com,5062958749,Marcland
324,Daniel Clark,monica62@mendez-taylor.com,279-131-1273x67073,Flemingview
325,Jennifer Smith,jharris@gmail.com,001-235-166-4127x851,East Seth
326,Brandy Wallace,russellkelly@preston.com,+1-401-802-2687x2833,Edwardsfurt
327,Michelle Kim,tracy88@thompson.net,+1-201-742-8950,Lake Willieton
328,Ashley Lane,joseph01@keller-mcdonald.com,2001208335,Greenside
329,Steven Alvarado,sgutierrez@watson.com,+1-614-883-6314x51863,Millerfurt
330,Sean Ortega,stephanie73@kirk.com,+1-064-539-5962x3766,West Stephanieville
331,Maria Matthews,anneclark@gmail.com,001-043-463-1008x79791,South Sarah
332,Kim Powers,stephaniejordan@waters.com,821.278.9723,New Christopherberg
333,Amanda Long,jwells@gmail.com,140.843.3827,East James
334,Caitlin Page,gonzalezmichael@hotmail.com,917-154-2682x424,Cunninghamstad
335,Robert Williams,qmassey@hotmail.com,+1-342-991-8474x37624,Moorebury
336,Monique Stanley,perezmarie@hotmail.com,+1-371-419-5250x9999,East Tracystad
337,Aaron Sanders,dorothyramirez@hotmail.com,(501)208-1365x2230,Lake Steven
338,Cynthia Hernandez,jpham@gmail.com,772.226.5274x16661,Davidstad
339,Terri Castro,heatherguerrero@brooks-powers.com,(530)303-2532,Ramirezbury
340,Jacqueline Park,horngeorge@hughes.com,001-154-129-8312x14344,Danielmouth
341,Kevin Perkins,timothycruz@freeman.biz,001-355-547-3588,New Ryanview
342,Darrell Martin,randerson@gmail.com,369.807.1063,North Deborah
343,Samantha Hall,ksmith@hotmail.com,764-201-7152,North Robert
344,Joshua Wood,harrisbetty@howell.com,(507)077-9760x793,West Ronaldfort
345,Michael Carter,rking@graham-saunders.com,056-267-0789x291,Laurenmouth
346,Tammie Patterson,lucas84@smith-lee.org,538-625-4561x63233,South Brandon
347,Shawn Ortega,shanegreen@yahoo.com,(778)916-7669x489,Kennethshire
348,Kenneth Moore,wstokes@gmail.com,(230)079-9940x87271,West Christopher
349,Sarah Lee,briannasullivan@yahoo.com,001.749.1559x32902,Kathleenborough
350,James Crawford,jacksonstacey@hotmail.com,500.196.3893x523,Derrickstad
351,Victor Cross,ppena@hotmail.com,001-818-715-7703x85230,Lake Jacob
352,Cameron Shannon,tiffanystanton@gray.org,(698)941-0967x1338,Port Josephview
353,Jessica West,wfreeman@pineda-ponce.info,553.594.9879,Christopherborough
354,Nancy Davis,jackiejohnson@gmail.com,(029)905-9563x14406,Lake Alejandro
355,Kevin Scott,csmith@yahoo.com,127.723.7188,Port Seanside
356,Brandon Taylor,ydudley@anderson-durham.info,028-731-7801x351,Joshuafort
357,Brian Jones,kelly50@gmail.com,(735)257-9076x566,South Michaelside
358,Adam Bailey,acole@neal-mcguire.com,001-247-262-1878x4835,North Jeffside
359,Heather Wise,tinaking@gmail.com,001-988-083-9999x7456,Bondville
360,Mary Kerr,dylanmiller@hotmail.com,392.621.1634x980,Lake Melindamouth
361,Frank Bailey,brian47@gmail.com,(597)648-4566x4369,West Jamesfurt
362,Courtney Duke,mjohnson@gmail.com,001-279-576-0975,West Nataliechester
363,Traci Thomas,crystalarmstrong@garrison.info,+1-782-047-8559,South Danielton
364,Brandon Chen,anthonystone@tapia.com,4865029493,Taylorside
365,Daniel Reynolds,allisonbrown@thomas.com,4011394314,Rowlandhaven
366,Todd Mcgee,jacobgraham@hotmail.com,+1-176-304-9674,Daleton
367,Nathan Williams,jennifer32@hernandez.com,600.099.8497,Deckermouth
368,Courtney Zimmerman,sharonmoss@reilly.com,+1-781-807-0632x057,Lake Jessica
369,Robert Hogan,smithbrian@middleton-mcdonald.net,+1-167-747-9210x307,Hollyfort
370,Jesse Pruitt,brandonmartinez@yahoo.com,001-545-773-1849x2217,Port Jaimeville
371,Gerald Smith,xdavis@richards-johnson.net,047-862-7676,South Claudiastad
372,Lisa Tucker,monique09@leonard-mason.com,+1-501-426-6113x50260,Port Cynthia
373,Christopher Parks,misty81@yahoo.com,001-329-100-8568,Meganhaven
374,Ebony Reed,phillipsdenise@pacheco.biz,(034)506-8734,East Laura
375,Alexandria Russell,nicholasweiss@page.net,001-044-074-2992x02368,North Tammy
376,Charles Brown,bmoss@yahoo.com,+1-498-659-9375x5205,Hendersonfort
377,Linda Herrera,emilycollins@gmail.com,856-353-2049x96560,South Reneefort
378,Chris Silva,samuel86@yahoo.com,+1-890-430-0071x466,Flowersshire
379,Jacob Roy,torresshawn@hotmail.com,121-695-8804,Joshuafurt
380,David Yoder,jking@gmail.com,(860)936-6677x5060,New Kellybury
381,Brian Cruz,sally65@shaw-brown.com,+1-604-076-4823x7560,West Scottberg
382,Nicole Morgan,adamstaylor@yahoo.com,001-009-129-0375,South Jocelyn
383,Paul Carey,ryancraig@miller-garza.info,130-830-6233,Harringtonmouth
384,Michael Lee,michelle59@gmail.com,769.833.1749x126,New Cassidy
385,Jonathan Carson,madisonholt@rodriguez.biz,405-973-9272,New Ronald
386,Sara Allen,katie94@williams.com,001-182-608-3875x21967,Morganton
387,Damon Lewis,philip97@stephenson.com,928.058.0936x886,Franklinfort
388,Keith Mckee,dylan56@yahoo.com,303.822.1396,Lake Jonathan
389,Ana Shields,kmcdonald@hotmail.com,(396)025-0928x1104,Jasonport
390,Mary Hicks,ellensellers@hotmail.com,227-930-2260x6061,North Patricia
391,Randall Sherman,lbrewer@ross.biz,(706)708-8846x477,Seanstad
392,Julie Boyd,kmoss@robbins.org,161.754.7996x0692,Smithside
393,Christy Hardy,gdecker@yahoo.com,531-157-6634x03978,Ashleyland
394,Eileen Dudley,kimberlyreilly@alexander.org,001-111-173-5186,Currytown
395,Jacqueline Davis,andrew97@brown-campbell.biz,957-655-1332x0100,New Johnview
396,Shawn Nelson,steven96@lane-george.com,+1-882-805-8114,East Frank
397,William Johnson,cjones@hotmail.com,225-365-5171x326,East Garrett
398,Courtney Lin,uhudson@dominguez.com,+1-951-460-5304x3144,South Jodi
399,Bonnie Flynn,christiehahn@stanley-ryan.com,487-196-0653,Reedville
400,Shelby Stevens,lawrencecharles@yahoo.com,(253)938-8158x535,West Travis
401,Jacob Adams,david56@hotmail.com,001-917-595-4369,Javierview
402,Amy Ward,mauricehale@hotmail.com,(932)105-2137,Amyberg
403,Bobby Hicks,markchandler@donaldson.com,001-946-139-8714x48595,Jamiemouth
404,Daniel Bond,sgraham@hotmail.com,001-489-205-6376x8084,East Chad
405,Michael Griffin,jonathanpatel@harris-thompson.com,(761)879-8846x903,South Brandonland
406,Anthony Becker,yallen@johnson.com,+1-122-201-1043x4774,Martinbury
407,Nicole Floyd,jmora@jones.com,(624)230-4417x83912,Rodriguezmouth
408,Jackie Smith,daybrandy@yahoo.com,763.075.3587x758,Harveyport
409,April Hernandez,plane@hotmail.com,+1-641-669-7116x2502,East Christopherhaven
410,Marissa Davis,stevensjacqueline@gmail.com,+1-510-283-9400x975,Gallegosborough
411,Charles Clark,smithbrett@hotmail.com,001-839-470-9865x66877,Caroltown
412,Emily Reeves,shawnwang@hall.com,(805)444-5178x430,Meganmouth
413,Karen Leonard,villanuevaanthony@yahoo.com,001-108-260-4549x279,Bakerview
414,Peter Hill PhD,samanthaburton@hotmail.com,+1-010-152-5214x2119,South Timothy
415,Gary Brown Jr.,ojones@yahoo.com,997.526.3277x2162,Jacksonhaven
416,Joseph Sawyer,helen29@gmail.com,510.429.6143,Markland
417,John Owen,qmiller@gmail.com,+1-277-183-8230x47832,East Susan
418,Michael Gregory,collinskevin@hotmail.com,846-469-2650x4164,Garciaport
419,Carlos Powers,davidflores@miller.net,534.603.9104,New Courtneyhaven
420,Sharon Dickerson,dcline@gmail.com,050-437-5228x9106,North Nichole
421,Mary Reid,cooperdaniel@krause.info,001-435-371-7880x1496,Alanstad
422,Shannon Lewis,clarkbradley@gmail.com,+1-806-561-2844,South Ethan
423,Evan Stout,garrett87@gmail.com,+1-741-570-8153,Davisburgh
424,Joshua Pitts,wsmith@gmail.com,001-030-223-9300,Jamesville
425,Bruce Williams,bellcharles@bowman.info,(137)220-3239,Johnsonfort
426,Austin Salinas,usullivan@lewis.biz,597.667.6881x49567,South Jennifer
427,Justin Parrish,sschwartz@santana.biz,114.404.0185x5925,Rochaburgh
428,Tami Henderson,jacksonjohn@yahoo.com,659.547.8865x6636,Butlerfort
429,Erika Lopez,mirandajackson@nguyen.com,+1-025-144-9061x0175,Tinachester
430,David Young,fphillips@erickson.com,072-201-4094x47665,Lake Heidiville
431,Krista Abbott,donald28@yahoo.com,345-280-6347x23433,Brittanyborough
432,Fred Benjamin,wallacekyle@mccormick.com,(534)575-1467,Lake Rachel
433,Krystal Greene,sburgess@gmail.com,690-169-4308,West Marcstad
434,Bobby Walton,halegary@stone.com,(950)312-4496,Port Meredith
435,Travis Colon,fbond@shaffer.com,(665)534-4073,Ninaport
436,Ashley Williams,daniel01@gmail.com,1111205687,Robinsontown
437,Donna Briggs,garrett95@hicks.biz,+1-642-536-9884x9543,Hartview
438,Ryan Moore,eric76@diaz.com,+1-265-786-1736,New Mary
439,Jessica Myers,nicolesherman@peters.com,(242)010-9144,Derrickmouth
440,Michele Phillips,michellereyes@reyes.com,349.497.6147,North Janet
441,Danielle Morse,grayandre@gmail.com,770-937-1922x18522,Jasonmouth
442,Mr. David Miller,gregory83@nelson.com,(100)428-8129x23651,Warrenside
443,Martha Dunlap,parkerthomas@hotmail.com,277-060-3321x0485,East Kennethchester
444,Matthew Wright,combsabigail@gmail.com,657-865-7069,Barbaraside
445,Jacob Martin,fperry@rodriguez-johnson.biz,360-510-7172x61497,Deleonton
446,Michael Young,davidgreen@yahoo.com,494-885-8397x023,Fordstad
447,Hunter Bradley,masonfrancisco@yahoo.com,211.810.6692,Jenningsside
448,Nicole Andrews,newtonalison@gmail.com,(383)000-3573x88996,Wallacemouth
449,Tyler Lawrence,shermankaren@yahoo.com,(441)664-7594x489,North Nicholaston
450,Jill Nelson,gbaker@yahoo.com,(575)398-1864x35173,North Eddie
451,Kenneth Nguyen,parsonsroger@gmail.com,+1-859-830-0219x50557,East Melinda
452,Eddie Smith,hamiltoncory@hotmail.com,5471875570,Brendabury
453,Patrick Williams,mariaestrada@yahoo.com,932.346.5447x813,Morrisonmouth
454,Cheryl Berry,hrivera@gmail.com,716.500.5267x349,Port Heather
455,Heather Rice,kelly68@hotmail.com,(392)399-6442,Jenniferfort
456,Robert Burke,zgreen@jordan.com,596.411.3745,Lake Nicholasview
457,Kayla Hutchinson,hreeves@yahoo.com,266.929.3115x88558,Lauraberg
458,Jessica Kelly,rgreen@morrison.com,064-140-2442x4442,Carpenterview
459,Michael Villanueva,fgarcia@ryan.org,993.289.7034,Edwardmouth
460,Richard Little,jenniferwebb@hotmail.com,8558230996,Lake Joseph
461,Chris Cortez,qdaniel@mccall-hale.com,589-716-5805x78689,New Danielle
462,Brandon Pittman,rossdonald@hotmail.com,481.738.4746x2848,Port Angelaside
463,Robert Owens,ralph59@yahoo.com,+1-562-286-1026x90187,Port Shawnchester
464,Courtney Ford,wilsondavid@daniels.com,265.970.5185,Richardshire
465,Michael Wall,amandanorman@gmail.com,(493)526-8998x273,Rojastown
466,Joseph Myers,huffmanpatrick@hotmail.com,566.720.5793x774,Chaseview
467,Jose Campbell,combsmeagan@davenport-ramos.com,+1-569-996-3460x34596,West Christopherstad
468,Paul Lutz,samantha85@taylor.com,070.807.6979x42068,Nicholsbury
469,Tara Novak,adam30@nelson.com,(505)791-3868x902,Nathanberg
470,Laura Roberts,wspencer@yahoo.com,846.003.2131x0487,New Jacqueline
471,Jessica Hobbs,lepatricia@rogers.com,546-066-7133,West Elizabeth
472,David Farrell,fward@hotmail.com,+1-056-140-3813x408,Myersstad
473,Julia Miller,cgordon@olsen.com,001-643-523-3370x57965,West Jamesport
474,Todd Lee,troy43@yahoo.com,(668)379-0469x82109,South Amy
475,Jose Gibbs,twest@allen.com,+1-574-883-5050x0375,Davisberg
476,Samantha Nelson,qwright@turner.com,+1-859-607-4246x78488,Sosastad
477,Jennifer Bowen,renee85@mcfarland-hopkins.com,+1-687-156-2031,Gonzalezport
478,Robert Williams,whitekyle@smith-mccall.biz,682-282-4433x724,Robinsontown
479,Tyler Webb,britter@hinton.com,(715)987-9269,South Rickymouth
480,Emily Moore,fraziernancy@ramos.com,001-619-909-2937,West Laura
481,Troy Schaefer,mcguirebenjamin@clark.org,(765)587-3152,Ericamouth
482,Kenneth Ball,buckleyteresa@mitchell.net,(126)471-5683x003,Williamsonburgh
483,Michael Murray,ericksonteresa@nicholson.com,9711731538,Berryhaven
484,John Mitchell,pmcmahon@yahoo.com,393-912-3115x68675,West Crystal
485,Ann Rubio,patrick75@gmail.com,241-292-9511x0362,Evansburgh
486,Patrick King,williamsjay@yahoo.com,(436)944-8799x91316,Port Amyhaven
487,Russell Kennedy,laustin@jordan-wade.org,+1-335-650-9298x921,South Kayla
488,Andrew Wallace,martinlaura@leon-mcguire.com,486.038.5718,Johnsonhaven
489,Mrs. Courtney Wallace,suzanne38@glenn-garner.com,660.047.3209x63179,Roberttown
490,Meghan Williams,kevin14@hotmail.com,821.907.6154x8780,Port Eric
491,Billy Blankenship,garciaheidi@wood-hutchinson.net,(733)621-5040x4392,North Ryanmouth
492,Dana Boyer,pturner@gmail.com,001-919-779-9548x8718,West Adamside
493,Joseph James,anarobinson@hotmail.com,(541)815-7111x789,South Jessemouth
494,Rebecca Obrien,melissa37@gmail.com,+1-822-436-6363x236,Destinyberg
495,David Fritz,qpearson@gmail.com,359-282-0881,West Dominiqueberg
496,Joshua Jensen,kellypope@bullock-navarro.com,+1-632-213-7654x01735,Ritterland
497,Karen Wagner,davidgriffin@yahoo.com,+1-401-709-3768x68335,West Sean
498,Walter Farrell DDS,jonathan53@hotmail.com,+1-771-478-7298,Mossborough
499,Brian Williams,lchen@lopez.com,001-163-122-1091,Welchmouth
500,Becky Decker,warrentom@griffin-williams.com,(960)136-9892,Hernandezville
501,Richard Morris,imendoza@thompson.com,252-376-6690,Wagnerborough
502,Kristin Lara,regina53@yahoo.com,+1-770-118-3684x6707,Andrewside
503,Catherine Rice,riverasarah@gmail.com,9039237195,South Michael
504,Yolanda Robertson,mooremichael@porter.biz,(019)762-6055x055,Aaronhaven
505,David Thomas,sandra24@cooley.net,(839)456-2987x24741,West Kennethchester
506,Elizabeth Wilkins,marcus91@yahoo.com,001-618-336-7980,Maryville
507,Nicholas Elliott,richard70@hotmail.com,711.305.0735x94936,Evanschester
508,Kelly Andrade,joaustin@yahoo.com,0070142538,Kimberlychester
509,Tamara Lopez,daniel53@hotmail.com,001-672-401-7815x39723,East Courtney
510,Lisa Green,donald57@yahoo.com,001-618-541-4161x868,Christinaport
511,Maurice Brown,natalie97@malone.com,0199199497,West Ashley
512,Noah Burnett,nhunter@garcia.com,(561)339-7718x860,West Ronald
513,Joshua Rodriguez,aflores@gmail.com,996.310.5453,Robinside
514,Jill Peck,zjohnson@yahoo.com,001-138-936-2266x72935,Jeremyton
515,Tracy Fernandez,barneseric@yahoo.com,806.639.2868x8780,Murraybury
516,Jeffrey Simmons,jacob43@henderson-morse.biz,206-572-5098x6957,New Scott
517,Scott Norris,wwilson@berger.org,(651)539-1624x995,Sandraland
518,Charlotte Tran,margarethendrix@gmail.com,+1-831-327-7164x5034,Floydshire
519,Jordan Carroll,james03@hotmail.com,137.251.9094x875,East Johnmouth
520,Charles Cummings,chadflores@lee.com,+1-726-743-2764x4011,New Markhaven
521,Deborah Graham,cherryfrank@montgomery.net,738-154-6439,Robinsonton
522,Christopher Chandler,amanda27@hotmail.com,676.725.8585x144,East Matthewville
523,Jason Chapman,reynoldsann@gmail.com,687-972-3842x068,North Tina
524,Adam Miller,harry66@davis.com,286.739.9838,North Andrew
525,Maria Hamilton,stonescott@hotmail.com,001-070-971-4201x066,Hubbardview
526,Jessica Shaw,richardsonryan@jones.com,001-844-887-9522x170,Port Danielside
527,Stacy Mcdonald,umoore@johnson.com,463-353-6291,New Lindaland
528,Jeremy Anderson,julie06@yahoo.com,+1-122-540-0588x285,New Lisa
529,Mr. Melvin Evans,lucas34@waters-cardenas.com,798.407.4479,Williamston
530,Elizabeth Miller,rcox@buchanan-green.info,642.237.8186,Sextonport
531,Steven Kelley,kirkcrystal@hotmail.com,744.990.5241x626,Rhodesside
532,Joe Olsen,rowlandtaylor@wilson.com,8261306993,East Gailborough
533,Lance Rice,williamsbrooke@bradley-oconnor.org,+1-034-809-9377x565,Port Tyler
534,John Jones,masseypaul@velez.net,051.975.4025,New Aaronburgh
535,Kayla Mitchell,xclark@duke-steele.com,971-903-0343x509,New Sharonshire
536,Sheila West,xwilliams@marsh.org,(295)221-3636x4477,Josephborough
537,Christopher Foster,sarahbutler@gmail.com,040-485-1364x3291,Andrewmouth
538,Seth Davis,xshaw@hill-smith.com,+1-277-694-8928x80937,Josephport
539,Eugene Frost MD,christophersanders@booker.org,001-800-474-3137,Lake Jenniferborough
540,Sabrina Hawkins,salazarandrew@miller-hernandez.com,001-709-789-1064x15356,Clarkburgh
541,Tony Jackson,frasmussen@yahoo.com,234.185.4357,Aguirreport
542,Angela Mercado,dominguezalicia@gmail.com,001-586-186-6049x7236,North Joshuachester
543,Monica Ramos,bkaufman@hotmail.com,(051)553-7847x8431,North Richardmouth
544,Shawn Gill,bhunt@nelson-cooper.com,650-500-9845,Murphymouth
545,Sarah Bell,qwhite@downs.com,+1-062-087-9095x84527,Brandonfort
546,Joseph Mcfarland,robert46@gmail.com,292.354.2496,North Nicole
547,Kimberly Russell,moorejeffrey@day.com,346-388-1198x5314,North Jerry
548,Keith Walsh,thomassergio@wheeler.org,0884679015,Mitchellberg
549,Nathan Rojas,cklein@gmail.com,(234)556-3680,Valeriefort
550,David Huber,hreed@hotmail.com,+1-360-536-3668x7371,Lake Josephtown
551,Angela Rush,collinskimberly@gmail.com,806.279.1475,Geraldfurt
552,Evan Lopez,anthony63@hotmail.com,240-047-2027x815,South Caseychester
553,Emma Jarvis,contrerasjessica@gmail.com,898.791.2876,Kerrchester
554,Robert Moore MD,hallkaren@yahoo.com,133.155.5872x567,Wangtown
555,Andrea Smith,hartmelissa@hotmail.com,718-332-3265x71184,East Lisa
556,Daniel Flores,jason68@malone-thompson.info,001-622-522-7346x8729,North Lauren
557,Gregory Gillespie,eturner@gmail.com,596.969.8807x9818,Lake Tammy
558,Evelyn Hughes,wyattsheri@porter.biz,112.236.7495x7456,New Tammy
559,Tony Rodriguez,castrosarah@smith.com,(007)530-5946x4781,Davidton
560,Ryan Pollard,ncarter@hotmail.com,785-582-0065x309,Taylorborough
561,Thomas Morgan,petersonnicholas@chan-barnes.info,001-252-138-9279x274,Paulmouth
562,Mike Lane,watkinsmeagan@crawford.com,317.357.8898,New Lindaland
563,Julian Brock,alejandrobradshaw@yahoo.com,769.252.6086x9373,North Markshire
564,Dana Vazquez,edward91@gmail.com,(134)373-8431x5364,East Sharonbury
565,Patricia Alvarez,johnmann@yahoo.com,272-246-4236x5836,Port Timothy
566,Angela Schultz,joel23@martinez.com,040-335-3210x15515,South Hollyville
567,Cassandra Hardin,fhoward@gmail.com,(216)792-8616,Michellebury
568,Ruben Hurst,mccormickaustin@green.biz,602-743-8437x288,Sarahborough
569,Ronald Carr,rebeccamartinez@welch-frost.com,(606)688-8097x612,East Jack
570,Joshua Weiss,michael16@reyes-craig.com,030-273-5637,Katrinaborough
571,Adam Heath,april30@barnes-clark.info,947-778-4012x7500,Darrellmouth
572,Samuel Jackson,lambertdiana@yahoo.com,971-138-3884x75839,New Sandra
573,Todd Wells,ghouse@wood-stewart.org,+1-231-962-9975x2880,Marioside
574,Lydia Yoder,nelsonrenee@russell-hunter.org,378.855.2804,Port Stephen
575,Garrett Cross,cookstephanie@jimenez.com,+1-970-783-5068,Gainesshire
576,Thomas Morgan,icox@peterson.com,074.273.8596x17033,Port Cindy
577,Adam Fitzgerald,millerabigail@thompson.com,(243)286-0658,Mitchellmouth
578,David Espinoza,bsantana@yahoo.com,856.541.8908,Christophermouth
579,Margaret Porter,fred44@hotmail.com,001-242-030-1021x1358,North Lee
580,Thomas Mitchell,hsmall@weber.com,(602)291-0857x7422,East Sara
581,Katelyn Robinson,davidroberts@owens-davies.biz,600.485.4432x32229,Cunninghammouth
582,Jasmine Mckenzie,daniel03@yahoo.com,651-370-1061x959,West Jennaburgh
583,Brandon Dunn,award@rodriguez.com,(602)923-8863,Websterland
584,Jennifer Olson,ayoung@lucas-malone.com,+1-419-240-1161x93175,Randytown
585,Rachel Young,bgarcia@gmail.com,640-257-3095x4088,Poolehaven
586,Susan Harris,dashley@hotmail.com,808.474.0701,Lake Paul
587,Janet Lewis,robert39@thomas.biz,053-213-0258,West Barry
588,Angela Johnson,reginald00@gmail.com,738.897.4852x49775,Meredithstad
589,Tracy Huerta,kennethtaylor@boyd.com,815.293.6528,Lake Krystal
590,Raymond Martinez,webbkelsey@swanson-preston.com,001-081-872-6067,Leestad
591,Kathleen Cooke,barnesgregory@jimenez.com,001-269-128-2864,South Tina
592,Amanda Caldwell,kristen95@barnes.com,700-691-9518x8183,West Michaelport
593,Rachel Koch,catherine61@leonard.com,372-658-0995x77719,West Gabrielamouth
594,Amanda Garcia,davidnelson@garcia.com,0368301309,Watsonchester
595,Monica Garcia,oalvarado@patel.net,014-774-9338x5278,East Michelechester
596,Christina Evans,william45@gmail.com,(755)004-3980,Millerburgh
597,Erica Hansen,angela57@mcbride.net,(009)302-5482,Michaelville
598,George Randall,millereric@maldonado.com,001-822-394-4621x454,Chelseaburgh
599,Krystal Hurst,jennifer18@yahoo.com,001-595-752-1795x1225,Amyside
600,Jaime Melton,sriley@moreno-rodriguez.info,331.036.5851,Richardsonshire
601,Matthew Thompson Jr.,tiffany04@baker.com,(471)522-4748x709,Port Jennifer
602,Mary Lowery,mgarcia@miller.com,+1-671-415-2703x522,New Tiffany
603,James Wells,eugenejenkins@gmail.com,441.085.6870x33281,Kramermouth
604,Alexandria Tanner,ythompson@thompson.com,001-694-550-1248x754,Vanessaborough
605,John Robinson,buckmichael@morris.com,955-367-9378x87499,Lloydstad
606,Nathan Parrish,lynchrebecca@yahoo.com,(298)871-6388x876,Laneville
607,Eric Murphy MD,skent@yahoo.com,0538478211,Garrettport
608,Lauren Hall,batesmark@stokes-rivas.info,+1-216-213-6784,East Tracy
609,Anna Lowery,rherring@williams.com,(558)080-2329x6287,Johnsonton
610,John Nelson,leedean@yahoo.com,+1-168-272-6982x2338,South Jenniferfort
611,Amy Scott,angela48@fisher.com,725.111.5700,North Brandonbury
612,Arthur Cruz,hughesjacqueline@smith.com,(468)921-8194x5572,New Michael
613,John Hall,martinezemily@yahoo.com,+1-835-915-2876x11588,Shawnland
614,Nicole Castillo,vpowell@kramer.net,444.488.3211x720,Port Johnmouth
615,Julie Nelson,crichardson@martinez.biz,387-915-8447x6376,Delgadoshire
616,Robert Villa,ysmith@bell.com,854-982-6889x4245,Woodview
617,Lisa Hawkins,julia82@russell.com,(536)118-1158x039,Larryshire
618,Lee Marshall,ylawson@ward.com,558-948-7806,Simmonsstad
619,Jacob Ibarra,angela70@gmail.com,001-703-545-0378,Davidbury
620,Sarah Davis,rodrigueztodd@gould-solomon.biz,(820)277-2453,Wallaceshire
621,Joshua Suarez,wdominguez@burns.info,+1-223-931-0626,North Joshuaview
622,John Patterson,hansenstephanie@hotmail.com,208-247-4429x96664,Tinabury
623,Allen Smith,benjaminwebb@gmail.com,873-468-9049,Curryton
624,Andrea Bright,phillipthornton@yahoo.com,009.411.1366,Port Sarahfurt
625,Colton Brown,johnschmidt@hotmail.com,(319)939-2223x016,South Tanya
626,Audrey Hurley,moyercarl@salazar-williams.biz,569.609.6921x1143,Tonyafurt
627,Kirsten Powell,william92@gray-villarreal.com,577.622.7830,West Jessicaland
628,Eric Craig,carterjason@gmail.com,(399)644-3901x7257,New Melissa
629,Connor Mason,dacevedo@yahoo.com,+1-979-745-2240x161,North Gailbury
630,Sarah Sutton,oholloway@gmail.com,+1-116-898-7302x597,Terryfort
631,Cheryl Andrews,morganjustin@hotmail.com,563.992.8979,Larrybury
632,Christy Brown,michael19@banks.org,001-942-301-3820x009,Evanview
633,Rachael Melton,kevinflores@gmail.com,680-967-2169x880,Kennethberg
634,Paige Cox,tyler62@gmail.com,282-909-1571,Calvinside
635,Chris Carter,adamle@ryan.com,2520545351,East Jacob
636,Crystal Henderson,brittany72@james.org,574-071-5309x44176,New Angela
637,Michael Jennings,michael45@riggs.com,(866)297-1745x64881,Emilyhaven
638,Erica Johnson,youngluke@yahoo.com,860-523-7463x95365,West Nicolasborough
639,Jonathan Matthews,jennifer69@hotmail.com,331-593-8711x26982,Lake Jeremyberg
640,Amanda Mcpherson,morganmark@hotmail.com,4029087785,Grayport
641,William Higgins,rpatel@yahoo.com,6891920157,North Chadhaven
642,Susan Crawford,cbates@vaughan.org,(277)914-3934,East Shaneside
643,Sonya Hughes,burchalexandria@daniels.com,(648)738-1506x63561,Howardbury
644,David Huffman,diaznicholas@yahoo.com,+1-396-907-8567,Mcfarlandview
645,Paul Hansen,lisa34@hotmail.com,007-736-5890x77808,Lambburgh
646,Michelle David,fconner@yahoo.com,001-365-198-7767x9236,North Lauraville
647,Tammy Higgins,walter13@garrett.com,(895)745-6159,New Lisaport
648,Laura Cooper,jkrueger@schultz-middleton.biz,001-644-593-9693x607,Williamschester
649,Gwendolyn Martin,hernandezkathy@mcdonald-cross.net,375-839-5062,Jonesfort
650,Kaitlyn Fry,yhines@hotmail.com,001-862-691-1204,Port Patricia
651,David Phillips,cwall@murphy-washington.biz,(565)741-2190,East Matthew
652,Tammy Wong,kylebailey@smith-carrillo.com,0901339728,North Nancyfurt
653,Katrina Kline,andrew81@gmail.com,001-546-317-6756x9286,Meghanton
654,Stephanie Martin,jbarry@hatfield.info,+1-482-170-4283,Jordanhaven
655,Theresa Johnson,taylorgrant@gmail.com,278.978.8737x51456,Brendaview
656,Stephen Juarez,thomas38@willis.com,356-916-7579x4563,Smithmouth
657,George York,vmarsh@hotmail.com,001-472-122-3942x99621,Donovantown
658,Andre Ramirez,fishernicholas@hotmail.com,(966)309-4889x74581,Macktown
659,Alicia Mccoy,scott08@hotmail.com,579.736.7551x01461,Lindseytown
660,Scott Mosley,flowerskimberly@hotmail.com,099.221.8378,Danielbury
661,Anne Lowe,forbesemily@gmail.com,868-181-1903,East Marie
662,Katherine Kim,jordangary@yahoo.com,001-200-982-2876x1819,East Keith
663,Joseph Gonzalez,wheelerjohn@gmail.com,450.027.0537,Michaelstad
664,James Clark,smithbreanna@baker-sanchez.info,+1-592-166-2049x486,Hamiltonside
665,Diana Horton,torreskaren@gmail.com,(574)595-0179x978,Port Ashleyfurt
666,William Hill,lindsey14@thompson.net,(677)790-8635,Lake Brittanyfort
667,Christine Jones,kyle61@yahoo.com,198.673.2093x557,Galvantown
668,Timothy Miller,cwilliams@sellers-barnes.org,854.901.2431,Port Julie
669,Walter Conway,fbeck@maldonado.info,280-631-5538,North Desiree
670,David Gonzalez,micheal83@bradley-ortega.com,001-622-891-3263x636,New Jennifer
671,Angela Miller,joywilcox@hotmail.com,322.446.0625x23253,North Codychester
672,Andrew Lindsey,daniel64@hotmail.com,(603)333-5550,Hernandezview
673,Andrew Lutz,jonathansmith@rios.net,001-910-376-4915x275,North Adamtown
674,Stephanie Daniels,wnovak@gmail.com,001-283-464-3384,Kimberlymouth
675,Luke Bowen,denisearnold@yahoo.com,(010)684-2474x894,East Maryhaven
676,Travis Horne,nicholasgallegos@shepherd-thompson.com,+1-180-107-1053,Port Jennaberg
677,Mr. Robert Gutierrez DDS,yfreeman@yahoo.com,424.089.5441x0895,Richardberg
678,Kelly Fox,jenkinserin@west-brooks.info,231-823-6707,Port Adam
679,Robert Ford,michelle05@hotmail.com,132-955-4342,Robinmouth
680,Melissa Padilla,erica44@contreras.com,834-100-3387,East Angela
681,Dennis Miller,thomasblake@yahoo.com,752.537.4152x1938,New Kevin
682,Richard Bray,michelle95@yahoo.com,001-751-108-0184x227,Connorville
683,Andrea Valencia,eric30@cox.com,3981440148,Allisonmouth
684,Michael Hayes,melaniebrown@scott.com,+1-713-975-2293x379,Dawntown
685,Shawn Tran,vaughanbeth@cordova-kline.com,001-655-747-2855,Jenkinsland
686,John Reeves,jeremiah22@gmail.com,969.103.0626x40685,East Pamelamouth
687,Gary Holloway,swebb@stephens.info,+1-102-865-9576x1059,Port Karenfort
688,Denise Bruce,raychristopher@gmail.com,+1-223-922-9059x89466,Briannaville
689,Angela May,perezbrandon@adams-wells.net,001-478-518-5484x55469,Lake Robert
690,Joshua Johnson,sydney96@yahoo.com,1911087327,Lake Joseph
691,Andrew Aguilar,charles71@moran.net,001-082-155-3430,North Catherine
692,Kristy Reed,bsutton@carrillo.info,+1-349-811-2712x72800,Rhodeshaven
693,Rodney Smith,martinezdavid@shaffer.com,029.198.4053x4186,West Sandra
694,Robin Peterson,aprilstephens@yahoo.com,(601)965-7102,East Tiffanyshire
695,Theresa Proctor,rebeccahenry@hotmail.com,(721)093-5836,Brownhaven
696,Cody Douglas,carriedavis@hotmail.com,268-694-5626x3303,Brookestad
697,James Owens,rachaelknox@lopez.com,+1-390-955-8111x6440,Patriciafurt
698,Jared Tate,kpotts@yahoo.com,290-315-5793x3382,Rodriguezbury
699,Ryan Moreno,aalvarado@yahoo.com,001-344-677-8226,Hectorfurt
700,Allison Nash,clarkshawn@yahoo.com,469-248-6467,Brownborough
701,Danielle Thompson,torreswilliam@watson-delgado.com,(190)675-5635x3904,Lake Shawn
702,Kara Mitchell,michael64@yahoo.com,097.389.1501,Lake Kathrynchester
703,Paul Ross,pdominguez@gmail.com,6105183743,East Davidview
704,Alexander Patterson,katherine77@davis-johnson.biz,(969)111-7695,Port Tinastad
705,Jeffrey Butler,davismichelle@warren.info,888-403-8080,New Michael
706,Nicholas Anderson,james95@yahoo.com,(583)248-1287,Rickyfort
707,Daniel Carr,lthomas@turner.com,7892818655,Daychester
708,Ethan Evans,timothybray@yahoo.com,(250)293-9903x105,Port Bruce
709,April Perez,eric84@gmail.com,001-677-509-5412x3472,Paulbury
710,Robert Baker,tjames@lee.info,001-389-440-4936,Donnachester
711,Robert Goodwin,dmacdonald@powers.com,(243)550-0864,South Jessicachester
712,Luis Bishop,ashleypeterson@hotmail.com,(948)557-5557,North Sheila
713,Julie Cooper,jessica12@fuller-sanders.com,628-714-8031,Sanchezbury
714,Elizabeth Marshall,dbaker@hotmail.com,395.720.9465x43695,South Kimberly
715,Mr. Jose Mcgee,chicks@yahoo.com,+1-456-616-9804x06185,North Dylanmouth
716,Eric Williams,bhatfield@yahoo.com,544-647-7513,Martinborough
717,Jennifer Goodwin,charles68@underwood.org,657-551-2801,Gregoryport
718,Karen Johnston,dpeterson@zhang-martin.org,+1-092-065-3266x8620,Jenniferton
719,Kimberly Allen,dale02@yahoo.com,534-638-0068x082,Zacharyburgh
720,Nicole Johnson,sarahgardner@hotmail.com,405-470-4184,Fletchermouth
721,Katie Wyatt,johnshelton@gmail.com,(962)556-2654x347,East Kimberly
722,Penny Hall,jamieflores@yahoo.com,928.121.1177x14674,Lake Paigefort
723,Tracy Williams,dana80@herrera.org,0035822711,East Ethan
724,Shelia Nguyen,caseyalvarado@curtis-rodriguez.com,(443)449-3123,Tammyville
725,William Rich,samanthahodges@gmail.com,+1-931-285-1043x37912,Williamstad
726,William Cameron,jacquelinecraig@yahoo.com,+1-921-632-9408x7475,Port Deborahbury
727,Laura Gray,anthony60@hotmail.com,2495564418,Jodyton
728,Gordon Davis,qedwards@maynard.com,261.918.0156x21138,Lake Erinville
729,Mitchell Turner,richardcannon@miller.biz,+1-047-064-0616x652,East Carmenborough
730,Christina Brown,rogersdavid@stanley.com,565-104-6101,Millstown
731,Sharon Farmer,wpena@gmail.com,+1-044-969-8916x61471,Port Henryfort
732,Mr. Steven Livingston DVM,carolyn80@cook.com,026.609.4446x95856,Woodfort
733,Christian Carter,brownbrandy@brown.com,399-212-5551x50945,West Danaborough
734,Luke Riley,robertmason@freeman.com,948-383-1612,Payneberg
735,Sean Smith,annette35@collins.com,5312922418,Barberfort
736,Christina Riley,james39@moore.info,004.411.7283x42207,Christinabury
737,Luis Aguilar,catherinewise@hotmail.com,001-919-235-4135x080,Vincentberg
738,Erin Gonzalez,carrie24@mckenzie.biz,001-508-332-1702x64522,East Wendytown
739,Lauren Hale,csmith@gmail.com,125.852.3490x4697,Lesterfurt
740,Steve Johnson,jwhite@yahoo.com,+1-021-833-8328,Markshire
741,Matthew Rojas,shortrichard@hotmail.com,+1-911-132-0706x0994,Raymondville
742,Julia Moore,smack@hernandez.net,639-680-1782,Port Jamesberg
743,Brandon Peterson,jason48@hotmail.com,8830445971,Lake Donnahaven
744,Daniel Hill,robert33@gmail.com,288.074.2131x88177,Lindseybury
745,Erika Mason,stephanieramos@nguyen.info,001-085-775-7331,Barrettfort
746,Brandy Maxwell,kaiserjonathan@yahoo.com,5358505282,Ramirezshire
747,Julie Frost,holly20@dominguez-navarro.biz,+1-660-629-3211x8814,South Douglasstad
748,Johnathan Mack,jessica98@gmail.com,435.268.2549x397,Port Heathermouth
749,Andrea Martin,anthonysampson@young.com,578.352.7751,Kimberlyberg
750,Allison King,loliver@yahoo.com,001-613-606-1615,Conniebury
751,Michael Martin,marcoreed@gmail.com,+1-696-009-3919x88682,Darrellborough
752,James Morgan,xtapia@hotmail.com,0695985466,West Markburgh
753,Darrell Baker,hernandezamanda@gmail.com,368.874.7998x59733,Bryanland
754,Jessica Sampson,kdaniel@clarke.info,802-150-1027x73390,South Timothyville
755,Tracy Galvan,jgarza@hotmail.com,7551024757,Ortizport
756,David Hickman,lmatthews@davis-mahoney.com,816.223.0420,Port Kristyborough
757,Christopher Mendez,alexisvargas@yahoo.com,571.064.5515x868,West Gabriel
758,Timothy White,tmurphy@yahoo.com,(348)941-3468x71182,Port Patriciaside
759,Kari Torres,tgeorge@yahoo.com,+1-724-249-8053,Millermouth
760,Jose Baker,pmartin@white-dickerson.com,(718)222-7680,North Jay
761,Brittney Stark,jacksonjoseph@gmail.com,+1-770-710-3263,North Lisafort
762,Carlos Watkins,cathy17@yahoo.com,(317)551-8084,Lake Christophermouth
763,Samantha Gonzalez,joshua54@simmons.biz,(641)995-7448x573,Port Pamela
764,Christopher Hart,bharmon@tanner.com,001-777-011-9635,Randallfurt
765,Nathaniel Barton,rhouston@hotmail.com,597.179.3140,Lake Mary
766,James Lloyd,sarahsmith@goodman.com,(707)354-9408x238,Hollyton
767,Veronica Juarez,amanda30@blevins.com,+1-509-886-4728x555,Port Alexandrahaven
768,Beth Scott,lle@gmail.com,702.791.8029,South Kathryntown
769,Jesse Valdez,jennifer89@hotmail.com,+1-140-377-6717x8020,Natalieside
770,Daniel Kane,gwilson@gmail.com,614.650.4690,Phillipsfort
771,Dr. Brandon Wagner DVM,daniellecruz@gmail.com,(948)319-3514,Jordanmouth
772,Anne Murray,hsmith@gmail.com,(333)913-8695x106,Lawsonhaven
773,Monica Lewis,patrick95@castillo-greene.com,(328)277-4512x05463,Stevenview
774,Ryan Tate,paul17@smith-stone.com,574.314.3896x4382,South Daniellefort
775,Whitney Hunt MD,johnmorales@hotmail.com,755-924-9345,Jarvisfort
776,Christine Johnson,cgriffith@tate.com,(084)741-2353x0189,Port Evelyn
777,Timothy Hoover,diana09@yahoo.com,546.863.1232,Carlaville
778,Robin Mcclure,ashleyschultz@buckley.com,+1-785-585-7176x222,East Jeremytown
779,Tara Lopez,istewart@bush.net,2617233708,Lisaborough
780,Diane Mills,franciscoschaefer@yahoo.com,396.320.5200,Graymouth
781,Rebecca Powers,samantha75@sampson-ashley.net,001-150-430-5196x496,Mckeefurt
782,Justin Hooper,austin46@hotmail.com,(236)818-8539x9865,Meganmouth
783,Matthew Anderson,bjackson@hotmail.com,260-222-7645x03104,Hicksberg
784,Robert Kelly,susan99@zimmerman.biz,946-251-3670x43541,East Steven
785,Ms. Nicole Thomas,hford@gmail.com,099.573.9387,Lake Savannah
786,Devin Phillips,anthonycandace@parker.com,(725)860-4208x73042,Batesport
787,Joseph Jones,moorebryan@hotmail.com,701.123.8417x1948,Shermanland
788,Cameron Michael,wrodgers@yahoo.com,+1-804-470-7135x22754,South Abigail
789,Kurt Smith,wesleyfranco@crawford.com,0625936006,New Christinaborough
790,John Davis,howard89@hotmail.com,817-568-9178,East Alexisland
791,Robert Lyons,beardjeffrey@allen-brown.com,408-593-6577x941,Patriciaton
792,Matthew Michael,stephaniehill@rose-taylor.com,538-827-1807x973,South Rebecca
793,Shirley Nelson,paula36@jones.biz,001-392-999-3670x01598,Lake Tracybury
794,Stephen Brown,colejennifer@yahoo.com,037-196-6415x678,Cherylside
795,Nancy Foster,stokeskrystal@patel-walker.com,885.721.5736,Bradleyhaven
796,Richard Atkins,xmullen@ramirez-kelley.com,9403435321,North Julie
797,Mrs. Alexa Rangel,jamiepotts@gmail.com,+1-848-478-5718x497,Beardport
798,Katherine Anderson,vickie83@yahoo.com,(796)270-7562x987,West Austin
799,Matthew Griffith,ojohnson@hotmail.com,001-182-083-4393x8223,Port Rita
800,Samuel Collins,amanda31@thompson-fitzgerald.org,305-255-3246,Mariashire
801,Dr. Alice Webb,fostercollin@rich-hobbs.net,043-399-6415x0466,Willisberg
802,Jennifer Nelson,kingrobert@grimes.info,176-180-1368,Marystad
803,Michael Harrison,cgriffith@johnson.org,001-155-854-1424x4998,East Alicia
804,Tina Nguyen,billy77@hicks-stevenson.info,(683)029-1619,Christinehaven
805,Katherine Sullivan,tammy76@martinez.com,978-317-2428x7364,South Anthonychester
806,Phillip Solis,james46@rogers-leonard.com,980-816-1616,South Jaredhaven
807,Melissa Jones,lisafarrell@lee-wright.biz,(922)891-1959x7219,Joshuafort
808,Shannon Mccoy,russell69@yahoo.com,001-220-478-2009x6898,New Hollyville
809,James Jenkins,john61@gmail.com,141-563-1638x95752,North Laura
810,Glenn Washington,williamsrussell@randall-davis.com,249.522.6786x8979,East Dawnfort
811,Timothy Bradley,erica83@gmail.com,861.411.4071,Romanview
812,Mark Ellis,rebecca86@flores.com,+1-111-191-7319x7936,South Nicholasview
813,Robin Gibson,jessica85@madden-martinez.net,001-724-730-2506x540,Allisonshire
814,Michael Burns,kevin44@gmail.com,237.704.5831x917,West Marilynmouth
815,Dr. Mary Franklin,abanks@yahoo.com,001-203-897-8568,Rileyhaven
816,Rebecca Blair,rmitchell@hotmail.com,486-963-7392,Robintown
817,David Henson,jeffreywilson@bowman-good.com,351-695-5465x21889,Brianberg
818,Jimmy Daniels,chavezeric@jackson.info,382.649.3051,East Annchester
819,James Goodwin,xterry@gmail.com,239-231-6982,North Amberfurt
820,Angela Obrien,lisa90@allen.org,943-339-7011,Stephenville
821,Amy Smith,justin28@schneider.com,+1-320-949-4626x735,New Michael
822,Kelly Rodriguez,ocarney@morgan.com,001-472-087-7540,Johnsonbury
823,Kevin Dunn,harmonnathan@gmail.com,+1-897-610-3129x50620,Lake Brittany
824,Robert Davis,hillcatherine@guerra.com,+1-465-680-8612x7844,Rachelfort
825,Michael Martin,david12@george.com,+1-094-518-0104x5878,South Thomasbury
826,Heather Tran,pamela92@yahoo.com,799.679.6446,Annabury
827,Jose Gillespie,jennaking@yahoo.com,889.360.4031x69064,Ryanfurt
828,Tanya Potts,floresrobert@hotmail.com,(038)709-3255x332,South Christinechester
829,Brandon Myers,gregoryparsons@gmail.com,862.010.1444x5316,Timothytown
830,Cole Smith,mikecosta@yahoo.com,001-069-723-7052x2827,West Ethan
831,Frederick Andrews,katherinedavidson@mitchell.com,143-550-0540,Mooreport
832,Zachary Williams,adrian83@gmail.com,(924)939-0367x5771,New Douglasshire
833,Katie Jones,alicia72@mckay.com,062-009-0775,Laurenside
834,Aaron Parker,christopher60@gregory.net,(664)818-4268,East Matthew
835,Michael Peterson,vpayne@hotmail.com,696.989.1593x25862,Lopezmouth
836,Melissa Spears MD,tsmith@gmail.com,(293)120-3356x69422,Matthewshire
837,Emily Spencer,lawrencesusan@gmail.com,+1-200-402-4093x89001,South Kathleenmouth
838,Thomas Mitchell,dawnmurphy@torres.biz,+1-106-149-5853x729,West Debra
839,Linda Diaz,andrea16@hotmail.com,627.447.2125x95642,Murphyland
840,Anthony Douglas,garnercheryl@yahoo.com,(366)595-4639,Teresaville
841,Michael Flores,wallacethomas@yahoo.com,(586)220-3321x9864,New Tracy
842,Susan Burns,kim44@yahoo.com,+1-032-488-3740x436,East Patrick
843,Kenneth Stewart,wwhite@gmail.com,(623)237-7882x5925,Lake Christopherberg
844,Erica Diaz,kristenbyrd@gmail.com,505.063.6883x17428,North Michelle
845,Haley King,mary94@gmail.com,(859)695-7958,Port Lesliemouth
846,Dennis Clark,trocha@sanders-smith.com,001-679-739-3772x409,Lake Victormouth
847,Nathan Vaughan,justin19@harper.com,(747)565-1001x157,Prattstad
848,Melissa Lindsey,robertmiles@yahoo.com,881.604.1263x32428,Port Brenda
849,Michael Kim,benjaminperry@gmail.com,(725)107-2391,South Natashaburgh
850,Amy Edwards,robert89@willis.com,171-778-2124,Kevinberg
851,Denise Williams,denisehardy@gmail.com,+1-130-150-5107x81932,Port Matthewbury
852,Mason Tran,dennis83@yahoo.com,233.999.2566x806,Chavezshire
853,Emily Powers,vickie64@yahoo.com,0869722718,Troyberg
854,Jennifer Marquez,catherinelee@yahoo.com,(497)829-6470x42258,Morseville
855,Amy Hayes,andreadavis@yahoo.com,001-294-182-2142x221,Maldonadohaven
856,Tim Ward,stevenskatie@yahoo.com,(036)695-0731,North Cynthiaport
857,Ernest Wells,adriennemartinez@hotmail.com,001-109-995-8203x31042,Piercechester
858,Matthew Lindsey,ginawallace@hughes-dixon.com,571.032.9427,Lake John
859,Michael Freeman,kcook@yahoo.com,642.239.0777,Flemington
860,Morgan French,yoderjennifer@joseph.com,5561162863,North Amyhaven
861,John Williams,george08@gmail.com,317-019-8255x803,Kimberlyville
862,Jonathan Owen,myersjason@buck.org,+1-371-267-9772x25199,West Gabriel
863,Judy Perez,james16@walker.com,001-969-284-4805x2506,West Brenda
864,Cynthia Doyle,madison33@hotmail.com,027.491.5216,Danielschester
865,Victoria Chaney,morantheresa@hotmail.com,405.626.0190x937,New Danielfort
866,James Sherman,brittany03@hotmail.com,716.667.7688,Peterstad
867,Steven Ball,vkidd@gmail.com,+1-023-543-6273x484,New Johnberg
868,John Chan,hillchristopher@hotmail.com,4952164368,Leroyhaven
869,Melvin Foster,davidfowler@gmail.com,001-151-205-0282x92078,South Matthew
870,Heather Williams,isanders@hotmail.com,697.646.1624,West Lisaburgh
871,Julie Nelson,eryan@kerr.info,001-560-429-8130,Lake Davidport
872,Mitchell Waller,michael91@gmail.com,9355875972,North Julie
873,Kimberly Martin,patriciawhite@gmail.com,(962)666-1718x1592,West Cassandra
874,Kiara Short,christopher54@aguilar-perez.net,(314)734-3661x2281,Ryanside
875,Christopher Jones,zachary90@yahoo.com,+1-920-888-8633x043,Sullivanborough
876,Christine Burns,blevinsjoseph@hotmail.com,+1-109-527-9686x102,New Tricia
877,Kristen West,rfranco@yahoo.com,001-334-634-1274,South Cameronshire
878,Matthew Brown,echambers@gmail.com,001-391-700-4370x63852,Port Coreyfort
879,Alexa Manning,stephenmyers@hotmail.com,0602985977,Lake Davidland
880,Melinda Newman,ereyes@green-davis.net,269.000.6770,Lake Davidtown
881,Joshua Stevens,kimberly90@hotmail.com,970-533-7038x578,Stephaniefort
882,Amber Collins,kaitlyn94@rodriguez.net,222.544.5136x5681,New Christophertown
883,Mr. Christopher Li,foconnor@wells-guerra.com,541.050.2773x079,Bautistatown
884,Christopher Walker,litimothy@white-williams.info,796.814.6912,Andersonville
885,Christopher Chen,victor26@yahoo.com,705.359.4646x8264,Brianberg
886,Alyssa Vargas,csanchez@hotmail.com,023-218-2793,Dixonbury
887,Cameron Medina,adamburke@vaughn.com,0225202225,Ryanfurt
888,Christopher Allen,fharrison@russell-george.com,381.455.8620,Michaelport
889,Jennifer Johnson,rachel28@chambers.com,064-926-5657x561,Lake Rebeccaport
890,Cindy Ray,angela27@gmail.com,+1-153-147-6675,Smithmouth
891,Janet Reynolds,meyertaylor@gmail.com,001-499-574-2274x907,East Jermaine
892,Andrew Newman,bradleywhite@gmail.com,(244)475-5275x8144,Mannland
893,Lisa Russo,schwartzdonna@jones.com,238.265.4224,New Madisonfort
894,Lori Wright,xcortez@watkins-mahoney.com,515-310-6463,Alvaradofort
895,Jessica Clayton,johncole@delgado.net,870.387.6627x5198,South Anthony
896,Daniel Rodriguez,brianwright@sloan.com,+1-543-112-7335x56592,Kimberlymouth
897,Elizabeth Mitchell,kellykaylee@gmail.com,505-797-9192x15137,North Nicholas
898,James Farmer,williamwallace@lewis.com,(688)418-7196,Myersmouth
899,Caleb Hanson,jonescarol@cooley.com,+1-251-872-6280x99110,Reevesmouth
900,Erik Blake,contrerasallison@pena.com,(038)135-1556,North John
901,Adrian Morris,mvang@carlson-douglas.biz,+1-661-821-3883,Hoffmanmouth
902,Adrian Hoffman,elizabethwalker@rowe.com,001-381-831-8244,East Guyburgh
903,Katherine Vargas,brentsteele@hotmail.com,094-527-2526,Carolynside
904,Samuel Davis,nicholas19@hotmail.com,+1-101-970-4245x1893,South Edwardtown
905,Justin Banks,deanchristopher@brandt-carr.com,549.804.8091,Moodyborough
906,Elizabeth Hill,xthomas@grimes.info,001-515-619-7832x784,Jamesstad
907,Shannon Stout,heidimiller@hotmail.com,977.653.6337,Rickytown
908,Jose Chandler,julie24@gmail.com,001-627-596-6364,North Reginaldland
909,Ronald Martinez DDS,michelle26@hotmail.com,2243569943,Port Samantha
910,Taylor Park,heathermiller@evans-rivera.net,001-041-262-2071x9607,South Kristenhaven
911,Sylvia Johnson,fdoyle@yahoo.com,311.088.4179,Port Christie
912,David Stone,melinda66@martinez-rodriguez.com,(544)235-4804x364,South Luisfort
913,Kelly Jackson,johnsonjerry@hotmail.com,521-620-7798,Parkbury
914,Theodore Stevens,jessica76@yahoo.com,001-452-102-4194x5341,Robertmouth
915,Henry Montes,moorejanet@hotmail.com,008-072-6162,Collinsfurt
916,Michael Moore,williamturner@khan.net,311-996-0236,North Adam
917,Rebecca Mccormick,odavis@yahoo.com,108-921-5734x507,North Heather
918,Andrew Cameron,jonesshawn@campbell.com,(717)692-6331,Dannyborough
919,Mr. Jacob Garcia,alexandertravis@mathews.com,909-969-2575x640,Merrittborough
920,Krystal Jenkins,jeffreywells@singh.com,(139)210-7753,Jasonport
921,Kevin Baker,brian22@singh.net,+1-195-692-2245x24097,Nancyborough
922,Daniel Schmidt,bsosa@gmail.com,+1-632-287-1234x94542,Serranochester
923,Tammy Carter,rebecca69@golden-taylor.net,264.760.2133,Meganmouth
924,Jose Russell,tesparza@hotmail.com,+1-167-228-2972x49361,East Heatherland
925,Sally Taylor MD,yorkbrandy@gmail.com,086.231.9802x77317,Lake Kimberly
926,James Murphy,herrerachristina@yahoo.com,8010613085,Robertsland
927,Timothy Morgan,bautistavanessa@yahoo.com,843-841-1743x071,Summermouth
928,Tanner Hampton Jr.,pthomas@yahoo.com,8790637011,Port William
929,James Gutierrez,jonathan79@hotmail.com,088-184-3416x691,Jameschester
930,Mikayla Winters,joshuaanderson@serrano-curtis.com,823-639-0274,Joshuafurt
931,Tyler Garrett,heathermorris@gmail.com,458-933-9946x9761,Chenburgh
932,Frank Neal,emily93@rubio.biz,001-487-661-9624x639,New Neil
933,Joel Wilcox,colemankatie@yahoo.com,(279)200-2695x515,Port Stephanie
934,Jennifer Morgan,iclark@hotmail.com,067.867.0496x076,Lake Kimberlyland
935,Robert Mills,gjohnson@stephens.com,+1-094-411-2174x911,South Ambermouth
936,Michael Kelley,zdavis@gmail.com,+1-475-461-8092x89053,North Josephside
937,Joseph Andrade,brookebeck@hotmail.com,001-416-777-4123,Victoriaburgh
938,Jacob Cox DDS,jeffreycole@rodriguez.info,364-396-8020x7868,New Grace
939,Taylor Scott,christian22@barry.com,(546)319-0597x13187,West Angelachester
940,Andrew Leblanc,dmccoy@howard.com,129.153.3960x43438,East Melvinmouth
941,Andrea Blair,kennethrose@taylor-cooley.com,792-550-4280x9555,East Edwardborough
942,Dr. Charles Bradley,nicholasquinn@gmail.com,708-857-7288x97475,North Elizabethchester
943,Charles Faulkner,smithjared@gmail.com,547-187-1612x278,New Kelli
944,Jessica Moore,zcox@gmail.com,229-228-9369x5233,Priceland
945,Katherine Roberts,samanthaanderson@hotmail.com,+1-212-157-6807x842,Buckleyburgh
946,Jason Cobb,michael13@sexton.net,+1-414-638-6062x25440,West Carrieburgh
947,James Hicks,alexander55@hotmail.com,7647716692,Lake Georgebury
948,Ashley Hamilton,zberry@yahoo.com,(950)142-9665x8654,Berryberg
949,David Gates,michele16@harris-keller.com,+1-916-004-3929x6798,North Jasmine
950,Justin Campbell,nathan93@wang.com,327.193.4299x5256,Phillipshire
951,Kristina Rivas,moralesmatthew@manning.com,001-306-284-4454,West Thomasfurt
952,Jeffrey Lambert,gherring@thomas-gray.com,231-969-0610x27143,Cookmouth
953,Thomas Gilbert,sullivanmichael@yahoo.com,649.673.2866x115,Chelseaborough
954,Kaitlin Carter,fjimenez@thomas.com,558-834-4923x2092,East Jorgechester
955,Shannon Davis,deleonrebecca@taylor.org,429-694-5470x884,Aliciaburgh
956,Nicholas Carlson,staffordkenneth@hotmail.com,0130248865,Angelaborough
957,Rebecca Mejia,rhart@yahoo.com,(245)806-5773,Martinstad
958,Philip Berg,kellynewman@velez-garcia.com,583.730.4774,New Sylviamouth
959,Andrea Crosby,fwelch@gmail.com,+1-088-176-5270,Johnmouth
960,Richard Thomas,dixonrobert@scott-thomas.com,(920)199-0932,Zacharyview
961,Sandra Schultz,bakerjustin@johnson.com,812-843-9003,Meghanshire
962,Don Esparza,mgarcia@miller.info,006-003-8438x29117,Tuckerstad
963,Whitney Dudley,robinsondaniel@hotmail.com,576-772-9426,North Mary
964,Rachel Obrien,williamslisa@ruiz-rogers.com,+1-543-917-6633x7141,Franciscoland
965,Peter Murray,jimmychandler@yahoo.com,001-611-484-5848,Port Patrick
966,Jermaine Moore DVM,vwilson@mathis.com,142-774-8048,Emilybury
967,Jorge Oneill,amberthompson@gmail.com,001-945-798-6932,Port David
968,Dana White,matthewsnyder@hotmail.com,+1-319-287-0042x71041,Moodyshire
969,Chad Sutton,jillestrada@yahoo.com,(375)287-4085x8102,Timothyshire
970,David Rice,woodsjordan@gmail.com,001-033-445-5057x446,Petersonmouth
971,Timothy Richards,matthewtran@gonzalez.com,(242)349-5785x2706,North Brandonfurt
972,Sarah Holmes,tom76@gallagher.info,(309)636-8309x470,Hendersonside
973,Kimberly Harmon,claytontracy@gmail.com,+1-804-694-3084x9341,New Brian
974,Mr. Darren May,wwelch@hotmail.com,889.320.8875x96003,Roachbury
975,Michelle Gonzales,morrisdaniel@johnson.com,001-645-794-2750,Michaelmouth
976,Jacqueline Mcdaniel,tina43@gmail.com,293.357.2983,Ronaldton
977,Kristin Williams,mendozaannette@browning.biz,001-995-589-2785x891,South Kristina
978,Cheryl Villarreal,billyhill@foster.info,(504)915-0257,Port Johnathan
979,Michael Evans,weaverraymond@yahoo.com,644.324.4504x61870,Williamschester
980,Willie Terry,clawson@gmail.com,+1-612-896-3924x5235,Avilabury
981,Mackenzie Dixon,cmartinez@gmail.com,084-959-4897x8965,North Angela
982,Eric Blevins,janderson@flores.com,+1-267-605-3067x606,North James
983,Robin Smith PhD,michaelfaulkner@griffin-lopez.biz,016-020-1198x090,North Brett
984,Ashley Robertson,gwest@yahoo.com,148-154-8168,Port Brentview
985,William Cunningham,matthewbrown@gross.net,001-749-915-6731x89677,Salinasberg
986,Nathaniel Clarke,xsanchez@prince-contreras.biz,075.251.7244,Phillipsport
987,Wesley Simpson,iandrews@evans.com,001-628-061-7776x03708,Mckaychester
988,Dennis Hernandez,palmeralicia@love-rubio.com,(887)701-8380x8998,North William
989,Marisa Nelson,braundebbie@gmail.com,078-954-6204x86195,Lake Edwardstad
990,Brandon Mathis,claytonlisa@yahoo.com,001-357-409-8935x147,South Kimside
991,William Edwards,harold54@moore-smith.com,891.891.5431,Ericksonmouth
992,Dr. Christine Fletcher,susanwhite@hotmail.com,(299)203-2555x6184,Hesterville
993,Julie West,danielleburke@yahoo.com,599-093-9909x30085,South Geraldborough
994,Grant Stephenson,hpatel@gmail.com,511.904.7697,Katiebury
995,Kara Galloway,ypatel@nash-brennan.org,726-386-7257,East Shannon
996,James Thomas,bmoore@norris.com,(028)121-7640x30669,Fordview
997,Kevin Scott,elizabeth79@nelson-marshall.biz,(987)153-5477x4084,Port Chelseaburgh
998,Rhonda Marshall,tharris@nguyen-vasquez.com,+1-305-315-2261x7728,South Brandonfurt
999,Carla Salinas,amber42@johnson.com,123-591-5832x35707,Lake Jessicaborough
1000,Richard Simpson,kennethburton@hotmail.com,690-878-6980x537,Curtishaven
