SupplierID,SupplierName,Contact
1,Smith and Sons,637.832.5412
2,Santos PLC,761-589-5706x0253
3,Villa Group,265-002-4111x4304
4,"Lee, Villarreal and Jordan",+1-125-958-6796x51453
5,"Davis, Flores and Carlson",001-674-246-2440x08305
6,Smith-Griffin,899-970-1362
7,"Poole, Goodwin and Hayden",297.117.7965
8,Rojas Group,(200)587-1700x2735
9,Molina Ltd,5233888874
10,Taylor-Bradley,001-183-555-9759x34466
11,Liu LLC,(971)588-1946
12,Cook PLC,+1-215-082-4370x471
13,Newman-Harris,(795)664-9688x86650
14,Harper-Kelly,2579786762
15,"Hancock, Walker and Cox",+1-505-449-2726x29933
16,Johnson-Jones,609.828.8633
17,Bradford Group,+1-427-879-2103x523
18,Young-Smith,(969)308-7027x197
19,"Hall, Washington and Jensen",682-242-9595x214
20,Sanchez Ltd,378-481-7909
21,King-Hill,001-796-367-2238x37020
22,Lucas-Davis,887.408.0077x007
23,Acosta-Perez,421.693.9644x90205
24,Leblanc Group,001-880-556-4495x55079
25,Velez Ltd,718.294.5485x999
26,Sellers-Mays,(337)461-2375x2384
27,Jones and Sons,(647)761-3409x60446
28,"Graves, Welch and White",(650)614-0541x45696
29,"Huber, Hartman and Hodges",002.055.8875
30,"Vazquez, Armstrong and Kemp",(513)917-3557x903
31,Ruiz PLC,(489)026-9305x5944
32,Johnson and Sons,428.682.5925x468
33,"Whitehead, Davis and Ward",931-588-1724
34,"Sandoval, Bell and Young",312.024.3124x584
35,"Perez, Thompson and Jones",5741813541
36,Martinez Inc,401.528.7224x31533
37,"Frey, Arnold and Morales",419.986.1064
38,"Wells, Brown and Lucas",+1-176-256-0826x471
39,"Flowers, Baker and Carroll",+1-851-606-2435x065
40,"Donovan, Johnson and Leblanc",3343715334
41,Jacobson-Davidson,940.498.7800
42,Harvey and Sons,(627)799-7932
43,Silva-Choi,001-763-914-8806
44,Huerta-Hendricks,+1-041-279-3116x076
45,Robinson PLC,(420)775-3157
46,Greene-Adams,357-710-6072
47,Myers and Sons,+1-605-666-0411x9259
48,Fischer Inc,721-324-2026
49,"Henderson, Brown and Schmidt",247-696-8440x167
50,Bailey-Moore,553-663-7565x2675
